username,name,email,password,created_at,updated_at
8671457,Helene Windler,stanley18@example.org,123456,2020-01-02 15:15:27,2020-01-02 15:15:27
6674251,Asia Kassulke,mgreenfelder@example.org,123456,2020-01-02 15:15:27,2020-01-02 15:15:27
3457590,Gabriella Little,cristopher.lehner@example.org,123456,2020-01-02 15:15:28,2020-01-02 15:15:28
5044534,Jody Dietrich,jaren72@example.net,123456,2020-01-02 15:15:32,2020-01-02 15:15:32
3147285,Prof. Eusebio Herzog I,yazmin43@example.org,123456,2020-01-02 15:15:33,2020-01-02 15:15:33
6444754,Aimee Koepp,juvenal.skiles@example.org,123456,2020-01-02 15:15:33,2020-01-02 15:15:33
3784353,Mr. Wade Medhurst,bgreenholt@example.org,123456,2020-01-02 15:15:33,2020-01-02 15:15:33
8078487,Prof. Julian Nikolaus DVM,kessler.stewart@example.org,123456,2020-01-02 15:15:33,2020-01-02 15:15:33
3930252,Alysha Zemlak,wmarks@example.net,123456,2020-01-02 15:15:33,2020-01-02 15:15:33
5091373,Maye Quitzon,linnea97@example.net,123456,2020-01-02 15:15:34,2020-01-02 15:15:34
5495275,Buford Boyer,cboyle@example.net,123456,2020-01-02 15:15:34,2020-01-02 15:15:34
6430992,Rahsaan Daniel,schmidt.tatum@example.net,123456,2020-01-02 15:15:35,2020-01-02 15:15:35
7302995,Dr. Joana Herman,jack16@example.org,123456,2020-01-02 15:15:35,2020-01-02 15:15:35
4565279,Favian Tromp,schinner.jessy@example.org,123456,2020-01-02 15:15:35,2020-01-02 15:15:35
4962562,Filomena Schumm,hermiston.aniya@example.com,123456,2020-01-02 15:15:35,2020-01-02 15:15:35
5934509,Chandler Eichmann,lisette.murray@example.com,123456,2020-01-02 15:15:35,2020-01-02 15:15:35
4883530,Dr. Woodrow Cremin,zboncak.melyssa@example.org,123456,2020-01-02 15:15:35,2020-01-02 15:15:35
3819360,Mrs. Aylin Sipes,karley.dubuque@example.net,123456,2020-01-02 15:15:35,2020-01-02 15:15:35
8975035,Jammie Langosh,mhintz@example.net,123456,2020-01-02 15:15:35,2020-01-02 15:15:35
8821785,Dr. Audie Rolfson,emiliano.ohara@example.net,123456,2020-01-02 15:15:35,2020-01-02 15:15:35
